1	1	1	1	1	1	1	phase6-pilot-20260727T000058Z-1@example.com	order=85 esim=47
2	1	1	1	1	1	-1	phase6-pilot-20260727T000058Z-2@example.com	order=86 esim=48
3	1	1	1	1	1	-1	phase6-pilot-20260727T000058Z-3@example.com	order=87 esim=49
4	1	1	1	1	1	-1	phase6-pilot-20260727T000058Z-4@example.com	order=88 esim=50
5	1	1	1	1	1	1	phase6-pilot-20260727T000058Z-5@example.com	order=89 esim=51
6	1	1	1	1	1	-1	phase6-pilot-20260727T000058Z-6@example.com	order=90 esim=52
7	1	1	1	1	1	-1	phase6-pilot-20260727T000058Z-7@example.com	order=91 esim=53
8	1	1	1	1	1	-1	phase6-pilot-20260727T000058Z-8@example.com	order=92 esim=54
9	1	1	1	1	1	-1	phase6-pilot-20260727T000058Z-9@example.com	order=93 esim=55
10	1	1	1	1	1	1	phase6-pilot-20260727T000058Z-10@example.com	order=94 esim=56
11	1	1	1	1	1	-1	phase6-pilot-20260727T000058Z-11@example.com	order=95 esim=57
12	1	1	1	1	1	-1	phase6-pilot-20260727T000058Z-12@example.com	order=96 esim=58
13	1	1	1	1	1	-1	phase6-pilot-20260727T000058Z-13@example.com	order=97 esim=59
14	1	1	1	1	1	-1	phase6-pilot-20260727T000058Z-14@example.com	order=98 esim=60
15	1	1	1	1	1	1	phase6-pilot-20260727T000058Z-15@example.com	order=99 esim=61
16	1	1	1	1	1	-1	phase6-pilot-20260727T000058Z-16@example.com	order=100 esim=62
17	1	1	1	1	1	-1	phase6-pilot-20260727T000058Z-17@example.com	order=101 esim=63
18	1	1	1	1	1	-1	phase6-pilot-20260727T000058Z-18@example.com	order=102 esim=64
19	1	1	1	1	1	-1	phase6-pilot-20260727T000058Z-19@example.com	order=103 esim=65
20	1	1	1	1	1	1	phase6-pilot-20260727T000058Z-20@example.com	order=104 esim=66
21	1	1	1	1	1	-1	phase6-pilot-20260727T000058Z-21@example.com	order=105 esim=67
22	1	1	1	1	1	-1	phase6-pilot-20260727T000058Z-22@example.com	order=106 esim=68
23	1	1	1	1	1	-1	phase6-pilot-20260727T000058Z-23@example.com	order=107 esim=69
24	1	1	1	1	1	-1	phase6-pilot-20260727T000058Z-24@example.com	order=108 esim=70
25	1	1	1	1	1	1	phase6-pilot-20260727T000058Z-25@example.com	order=109 esim=71
26	1	1	1	1	1	-1	phase6-pilot-20260727T000058Z-26@example.com	order=110 esim=72
27	1	1	1	1	1	-1	phase6-pilot-20260727T000058Z-27@example.com	order=111 esim=73
28	1	1	1	1	1	-1	phase6-pilot-20260727T000058Z-28@example.com	order=112 esim=74
29	1	1	1	1	1	-1	phase6-pilot-20260727T000058Z-29@example.com	order=113 esim=75
30	1	1	1	1	1	1	phase6-pilot-20260727T000058Z-30@example.com	order=114 esim=76
31	1	1	1	1	1	-1	phase6-pilot-20260727T000058Z-31@example.com	order=115 esim=77
32	1	1	1	1	1	-1	phase6-pilot-20260727T000058Z-32@example.com	order=116 esim=78
33	1	1	1	1	1	-1	phase6-pilot-20260727T000058Z-33@example.com	order=117 esim=79
34	1	1	1	1	1	-1	phase6-pilot-20260727T000058Z-34@example.com	order=118 esim=80
35	1	1	1	1	1	1	phase6-pilot-20260727T000058Z-35@example.com	order=119 esim=81
36	1	1	1	1	1	-1	phase6-pilot-20260727T000058Z-36@example.com	order=120 esim=82
37	1	1	1	1	1	-1	phase6-pilot-20260727T000058Z-37@example.com	order=121 esim=83
38	1	1	1	1	1	-1	phase6-pilot-20260727T000058Z-38@example.com	order=122 esim=84
39	1	1	1	1	1	-1	phase6-pilot-20260727T000058Z-39@example.com	order=123 esim=85
40	1	1	1	1	1	1	phase6-pilot-20260727T000058Z-40@example.com	order=124 esim=86
41	1	1	1	1	1	-1	phase6-pilot-20260727T000058Z-41@example.com	order=125 esim=87
42	1	1	1	1	1	-1	phase6-pilot-20260727T000058Z-42@example.com	order=126 esim=88
43	1	1	1	1	1	-1	phase6-pilot-20260727T000058Z-43@example.com	order=127 esim=89
44	1	1	1	1	1	-1	phase6-pilot-20260727T000058Z-44@example.com	order=128 esim=90
45	1	1	1	1	1	1	phase6-pilot-20260727T000058Z-45@example.com	order=129 esim=91
46	1	1	1	1	1	-1	phase6-pilot-20260727T000058Z-46@example.com	order=130 esim=92
47	1	1	1	1	1	-1	phase6-pilot-20260727T000058Z-47@example.com	order=131 esim=93
48	1	1	1	1	1	-1	phase6-pilot-20260727T000058Z-48@example.com	order=132 esim=94
49	1	1	1	1	1	-1	phase6-pilot-20260727T000058Z-49@example.com	order=133 esim=95
50	1	1	1	1	1	1	phase6-pilot-20260727T000058Z-50@example.com	order=134 esim=96
51	1	1	1	1	1	-1	phase6-pilot-20260727T000058Z-51@example.com	order=135 esim=97
52	1	1	1	1	1	-1	phase6-pilot-20260727T000058Z-52@example.com	order=136 esim=98
53	1	1	1	1	1	-1	phase6-pilot-20260727T000058Z-53@example.com	order=137 esim=99
54	1	1	1	1	1	-1	phase6-pilot-20260727T000058Z-54@example.com	order=138 esim=100
55	1	1	1	1	1	1	phase6-pilot-20260727T000058Z-55@example.com	order=139 esim=101
56	1	1	1	1	1	-1	phase6-pilot-20260727T000058Z-56@example.com	order=140 esim=102
57	1	1	1	1	1	-1	phase6-pilot-20260727T000058Z-57@example.com	order=141 esim=103
58	1	1	1	1	1	-1	phase6-pilot-20260727T000058Z-58@example.com	order=142 esim=104
59	1	1	1	1	1	-1	phase6-pilot-20260727T000058Z-59@example.com	order=143 esim=105
60	1	1	1	1	1	1	phase6-pilot-20260727T000058Z-60@example.com	order=144 esim=106
61	1	1	1	1	1	-1	phase6-pilot-20260727T000058Z-61@example.com	order=145 esim=107
62	1	1	1	1	1	-1	phase6-pilot-20260727T000058Z-62@example.com	order=146 esim=108
63	1	1	1	1	1	-1	phase6-pilot-20260727T000058Z-63@example.com	order=147 esim=109
64	1	1	1	1	1	-1	phase6-pilot-20260727T000058Z-64@example.com	order=148 esim=110
65	1	1	1	1	1	1	phase6-pilot-20260727T000058Z-65@example.com	order=149 esim=111
66	1	1	1	1	1	-1	phase6-pilot-20260727T000058Z-66@example.com	order=150 esim=112
67	1	1	1	1	1	-1	phase6-pilot-20260727T000058Z-67@example.com	order=151 esim=113
68	1	1	1	1	1	-1	phase6-pilot-20260727T000058Z-68@example.com	order=152 esim=114
69	1	1	1	1	1	-1	phase6-pilot-20260727T000058Z-69@example.com	order=153 esim=115
70	1	1	1	1	1	1	phase6-pilot-20260727T000058Z-70@example.com	order=154 esim=116
71	1	1	1	1	1	-1	phase6-pilot-20260727T000058Z-71@example.com	order=155 esim=117
72	1	1	1	1	1	-1	phase6-pilot-20260727T000058Z-72@example.com	order=156 esim=118
73	1	1	1	1	1	-1	phase6-pilot-20260727T000058Z-73@example.com	order=157 esim=119
74	1	1	1	1	1	-1	phase6-pilot-20260727T000058Z-74@example.com	order=158 esim=120
75	1	1	1	1	1	1	phase6-pilot-20260727T000058Z-75@example.com	order=159 esim=121
76	1	1	1	1	1	-1	phase6-pilot-20260727T000058Z-76@example.com	order=160 esim=122
77	1	1	1	1	1	-1	phase6-pilot-20260727T000058Z-77@example.com	order=161 esim=123
78	1	1	1	1	1	-1	phase6-pilot-20260727T000058Z-78@example.com	order=162 esim=124
79	1	1	1	1	1	-1	phase6-pilot-20260727T000058Z-79@example.com	order=163 esim=125
80	1	1	1	1	1	1	phase6-pilot-20260727T000058Z-80@example.com	order=164 esim=126
81	1	1	1	1	1	-1	phase6-pilot-20260727T000058Z-81@example.com	order=165 esim=127
82	1	1	1	1	1	-1	phase6-pilot-20260727T000058Z-82@example.com	order=166 esim=128
83	1	1	1	1	1	-1	phase6-pilot-20260727T000058Z-83@example.com	order=167 esim=129
84	1	1	1	1	1	-1	phase6-pilot-20260727T000058Z-84@example.com	order=168 esim=130
85	1	1	1	1	1	1	phase6-pilot-20260727T000058Z-85@example.com	order=169 esim=131
86	1	1	1	1	1	-1	phase6-pilot-20260727T000058Z-86@example.com	order=170 esim=132
87	1	1	1	1	1	-1	phase6-pilot-20260727T000058Z-87@example.com	order=171 esim=133
88	1	1	1	1	1	-1	phase6-pilot-20260727T000058Z-88@example.com	order=172 esim=134
89	1	1	1	1	1	-1	phase6-pilot-20260727T000058Z-89@example.com	order=173 esim=135
90	1	1	1	1	1	1	phase6-pilot-20260727T000058Z-90@example.com	order=174 esim=136
91	1	1	1	1	1	-1	phase6-pilot-20260727T000058Z-91@example.com	order=175 esim=137
92	1	1	1	1	1	-1	phase6-pilot-20260727T000058Z-92@example.com	order=176 esim=138
93	1	1	1	1	1	-1	phase6-pilot-20260727T000058Z-93@example.com	order=177 esim=139
94	1	1	1	1	1	-1	phase6-pilot-20260727T000058Z-94@example.com	order=178 esim=140
95	1	1	1	1	1	1	phase6-pilot-20260727T000058Z-95@example.com	order=179 esim=141
96	1	1	1	1	1	-1	phase6-pilot-20260727T000058Z-96@example.com	order=180 esim=142
97	1	1	1	1	1	-1	phase6-pilot-20260727T000058Z-97@example.com	order=181 esim=143
98	1	1	1	1	1	-1	phase6-pilot-20260727T000058Z-98@example.com	order=182 esim=144
99	1	1	1	1	1	-1	phase6-pilot-20260727T000058Z-99@example.com	order=183 esim=145
100	1	1	1	1	1	1	phase6-pilot-20260727T000058Z-100@example.com	order=184 esim=146
